"Horodateur","O√π es-tu all√© ?","Comment √©values-tu le lieu d'un point de vue g√©ologique sur 10 ?","Quel instrument as-tu le plus utilis√© ?","A quel heure en moyenne t'es tu lev√© ?","La qualit√© des repas sur 10","Quel est ton √¢ge g√©ologique pr√©f√©r√© ?","As-tu trouv√© un fossile ?","Comment as-tu particip√© au rap de g√©ol ?","Ton impression sur la semaine"
"2023/09/30 7:38:06 PM UTC+3","Digne (les best)","8","L'acide","07:00","7","Secondaire","oui","Je tourne dans le clip","Vraiment super ! Tr√®s int√©ressant, le groupe √©tait tr√®s cool."
"2023/09/30 7:38:35 PM UTC+3","Digne (les best)","9","La boussole","07:15","8","Secondaire","non","Je tourne dans le clip","Tr√®s sympa !"
"2023/09/30 7:39:01 PM UTC+3","Digne (les best)","9","La loupe","07:25","6","Secondaire","oui","Je tourne dans le clip;Caddie driver","La semaine √©tait super. J'ai appris plein de chose sur la g√©ologie "
"2023/09/30 7:39:59 PM UTC+3","Pyr√©n√©es","10","L'acide","07:30","2","Quaternaire","oui","Je tourne dans le clip","√áa va"
"2023/09/30 7:43:21 PM UTC+3","Laragne","8","Le marteau","07:00","2","Primaire","non","Cam√©raman;Je tourne dans le clip","Je croyais que c'√©tait une √©cole d'ing√©, pas de g√©ol"
"2023/09/30 7:44:37 PM UTC+3","Pyr√©n√©es","8","Le marteau","07:30","4","Secondaire","oui","Ecriture du texte;Je tourne dans le clip","Aspect scolaire peu marqu√© pour se concentrer sur les travaux de terrain, l‚Äôobservation et la r√©flexion "
"2023/09/30 8:09:19 PM UTC+3","Digne (les best)","8","La carte","07:15","7","Secondaire","oui","Choix de la musique d'origine;Je tourne dans le clip","Ouai les cailloux ! WOUHOUW !!!"
"2023/09/30 8:10:18 PM UTC+3","Laragne","8","Le marteau","07:30","7","Secondaire","non","Je tourne dans le clip","Conviviale, enrichissant et reposant !"
"2023/09/30 9:35:20 PM UTC+3","Digne (les best)","10","L'acide","07:00","5","Secondaire","oui","Caddie driver","Cool mais content de rentrer "
"2023/09/30 11:07:52 PM UTC+3","Digne (les best)","10","La boussole","07:15","7","Secondaire","oui","Choix de la musique d'origine;Je tourne dans le clip;Caddie driver","C‚Äô√©tait g√©nial !"
"2023/10/01 11:50:58 AM UTC+3","BP","10","Le marteau","07:30","7","Tertiaire","oui","Je tourne dans le clip","üëåüëåüëå"
"2023/10/01 10:11:32 PM UTC+3","BP","7","Le marteau","07:45","5","Tertiaire","oui","Choix de la musique d'origine;Ecriture du texte;Je tourne dans le clip","C¬¥√©tait cool dans l¬¥ensemble et tr√®s int√©ressant mais contente de retrouver la meuh et ses habitants !"
"2023/10/02 11:30:16 PM UTC+3","Digne (les best)","10","La carte","07:15","4","Tertiaire","non","Choix de la musique d'origine;Je tourne dans le clip",""
"2023/10/02 11:30:48 PM UTC+3","La m√ªre","9","Le marteau","07:00","6","Tertiaire","non","Ecriture du texte;Chanteur;Je tourne dans le clip",""
"2023/10/02 11:30:50 PM UTC+3","Laragne","8","Le marteau","06:50","8","Secondaire","oui","Ecriture du texte;Chanteur;Cam√©raman;Je tourne dans le clip","J‚Äôadore peter caillou avec marto"
"2023/10/02 11:30:56 PM UTC+3","La m√ªre","10","L'acide","07:00","9","Quaternaire","non","Chanteur;Je tourne dans le clip","Incroyable "
"2023/10/02 11:31:02 PM UTC+3","BP","6","Le marteau","07:50","5","Secondaire","oui","Je tourne dans le clip",""
"2023/10/02 11:31:08 PM UTC+3","Digne (les best)","8","La carte","07:18","6","Primaire","oui","Choix de la musique d'origine","c'est loin mais c'est beau"
"2023/10/02 11:31:20 PM UTC+3","Pyr√©n√©es","10","L'acide","08:00","10","Primaire","oui","Choix de la musique d'origine;Ecriture du texte;Chanteur;R√©alisateur du clip;Cam√©raman;Je tourne dans le clip;Caddie driver;Monteur","Huesca best destination ever"
"2023/10/02 11:31:34 PM UTC+3","BP","8","Le marteau","08:00","8","Tertiaire","oui","Chanteur;Cam√©raman;Je tourne dans le clip",""
"2023/10/02 11:31:56 PM UTC+3","Laragne","8","La carte","07:20","9","Tertiaire","oui","Cam√©raman",""
"2023/10/02 11:32:19 PM UTC+3","Digne (les best)","10","La carte","07:45","9","Tertiaire","non","Je tourne dans le clip;Caddie driver","c'√©tait coooool"
"2023/10/02 11:32:37 PM UTC+3","Pyr√©n√©es","8","La loupe","07:30","8","Tertiaire","oui","Choix de la musique d'origine;Ecriture du texte;Chanteur;Cam√©raman;Je tourne dans le clip","Incr "
"2023/10/02 11:33:11 PM UTC+3","La m√ªre","9","L'acide","07:00","8","Quaternaire","non","Ecriture du texte;Chanteur;Je tourne dans le clip","Super moment pour rencontrer des gens m√™me si trop intense au niveau du travail. "
"2023/10/02 11:33:28 PM UTC+3","Digne (les best)","10","Le marteau","06:50","6","Secondaire","non","Choix de la musique d'origine;Ecriture du texte;Je tourne dans le clip","Parfait, seulement pas assez √† manger midi et soir "
"2023/10/02 11:33:33 PM UTC+3","Pyr√©n√©es","2","Le marteau","07:50","10","Primaire","oui","Je tourne dans le clip",""
"2023/10/02 11:33:49 PM UTC+3","Pyr√©n√©es","10","Le marteau","07:45","8","Secondaire","oui","Choix de la musique d'origine;Ecriture du texte;Cam√©raman;Je tourne dans le clip",""
"2023/10/02 11:33:56 PM UTC+3","Digne (les best)","10","La boussole","07:15","8","Primaire","oui","Je tourne dans le clip;Caddie driver","Les choix de film de Claire m‚Äôont marqu√©e "
"2023/10/02 11:33:58 PM UTC+3","Pyr√©n√©es","8","La loupe","07:45","7","Secondaire","oui","Ecriture du texte;Je tourne dans le clip","Sympathique"
"2023/10/02 11:34:09 PM UTC+3","Laragne","7","Le marteau","07:00","8","Tertiaire","oui","Choix de la musique d'origine;Ecriture du texte;Chanteur;Cam√©raman;Je tourne dans le clip","Beaucoup de choses √† dire. D‚Äôun point vu des cours en ce qui concerne Laragne c‚Äô√©tait tr√®s r√©p√©titif, tr√®s int√©ressant les 2 premiers jours mais faire exactement la m√™me chose une semaine √™tre tr√®s frustrant d‚Äôautant plus quand on sait que dans d‚Äôautres groupes ils font des activit√©s plus vari√©es. C‚Äôest donc tr√®s frustrant de voir les diff√©rences entre les geols il y a clairement des destinations qui semblent plus int√©ressantes que d‚Äôautres et o√π la semaine se d√©roule beaucoup mieux. "
"2023/10/02 11:36:07 PM UTC+3","BP","10","Rien","07:45","6","Tertiaire","oui","Je tourne dans le clip","Tr√®s cool"
"2023/10/02 11:45:21 PM UTC+3","Laragne","8","La carte","07:00","10","Secondaire","non","Cam√©raman","J‚Äôai ador√© pass√© un jour et demi dans la montagne √† faire de la randonn√©e "
"2023/10/02 11:45:42 PM UTC+3","BP","8","Le marteau","08:00","5","Primaire","oui","Je tourne dans le clip",""
"2023/10/02 11:46:21 PM UTC+3","La m√ªre","8","Le marteau","07:00","10","Quaternaire","non","Ecriture du texte;Chanteur;Cam√©raman;Je tourne dans le clip;Monteur","La mure meilleure geol, 0 d√©bat"
"2023/10/02 11:46:42 PM UTC+3","Digne (les best)","9","La carte","07:15","7","Primaire","oui","Choix de la musique d'origine","C'√©tait sympa!"
"2023/10/02 11:54:41 PM UTC+3","La m√ªre","10","La carte","07:00","10","Tertiaire","non","Ecriture du texte;Chanteur;R√©alisateur du clip;Je tourne dans le clip","En vrai c'√©tait cool,, il y avait une b√™te de team"
"2023/10/02 11:58:38 PM UTC+3","Laragne","10","Le marteau","07:00","10","Primaire","oui","Choix de la musique d'origine;Ecriture du texte;Chanteur;R√©alisateur du clip;Cam√©raman;Je tourne dans le clip;Caddie driver;Monteur","Incroyable (Laragne c'√©tait vraiment fou)"
"2023/10/02 11:59:08 PM UTC+3","Laragne","10","L'acide","07:30","10","Secondaire","non","Cam√©raman;Je tourne dans le clip;Caddie driver;Monteur","C'√©tait vraiment fou !"
"2023/10/02 11:59:40 PM UTC+3","Laragne","10","La trousse de secours","07:15","10","Primaire","oui","Choix de la musique d'origine;Ecriture du texte;Chanteur;R√©alisateur du clip","Incroyable ! Btw Henri best chauffeur "
"2023/10/03 12:00:08 AM UTC+3","Laragne","9","La loupe","07:45","10","Tertiaire","oui","R√©alisateur du clip","Genialissime"
"2023/10/03 12:00:18 AM UTC+3","La m√ªre","4","Le marteau","06:45","9","Tertiaire","non","Ecriture du texte;Je tourne dans le clip","Gabriel best encadrant "
"2023/10/03 12:00:27 AM UTC+3","BP","6","La carte","07:30","7","Tertiaire","oui","Choix de la musique d'origine;Je tourne dans le clip",""
"2023/10/03 12:04:46 AM UTC+3","BP","10","Le marteau","08:00","5","Tertiaire","oui","Je tourne dans le clip","toboggan "
"2023/10/03 12:10:06 AM UTC+3","Pyr√©n√©es","9","La loupe","07:30","7","Tertiaire","oui","Ecriture du texte;Chanteur;Je tourne dans le clip","Les animateurs √©taient vraiment cools, tr√®s bonne semaine"
"2023/10/03 12:17:34 AM UTC+3","Pyr√©n√©es","10","La loupe","07:50","5","Tertiaire","oui","Choix de la musique d'origine;Ecriture du texte;Chanteur;R√©alisateur du clip;Je tourne dans le clip","Trop bieeeen"
"2023/10/03 12:28:51 AM UTC+3","La m√ªre","10","L'acide","06:45","10","Quaternaire","non","Cam√©raman;Je tourne dans le clip","Incroyable "
"2023/10/03 12:30:57 AM UTC+3","Laragne","10","Le marteau","07:30","7","Tertiaire","oui","Ecriture du texte;Cam√©raman;Je tourne dans le clip;Monteur","La coinche c'est bien "
"2023/10/03 12:43:38 AM UTC+3","Pyr√©n√©es","10","La loupe","07:15","5","Tertiaire","oui","Je tourne dans le clip","Il faudrait vraiment absolument faire remonter qu'il faut des plans toilettes existants, quand tu es une fille avec tes r√®gles c'est gal√®re comme jamais!"
"2023/10/03 12:46:56 AM UTC+3","La m√ªre","8","Le marteau","07:00","7","Secondaire","non","R√©alisateur du clip;Cam√©raman;Je tourne dans le clip","Aucune pause toilette de la journ√©e, invivable pour une fille qui a ses r√®gles"
"2023/10/03 12:47:08 AM UTC+3","La m√ªre","10","Le marteau","07:00","10","Quaternaire","non","Choix de la musique d'origine;Ecriture du texte;Chanteur;R√©alisateur du clip;Je tourne dans le clip","Cooolllllll un peu fatigant"
"2023/10/03 1:11:54 AM UTC+3","Pyr√©n√©es","10","Le marteau","08:00","6","Primaire","oui","Cam√©raman","Ct la meilleure de toute voila seum aux autres‚Ä¶"
"2023/10/03 1:22:40 AM UTC+3","La m√ªre","10","Le marteau","07:15","10","Tertiaire","non","Cam√©raman;Je tourne dans le clip","Une dinguerie d'√™tre en petit groupe de 30"
"2023/10/03 1:57:50 AM UTC+3","BP","7","Le marteau","08:10","6","Primaire","oui","Je tourne dans le clip","Les profs sont super cool "
"2023/10/03 8:56:26 AM UTC+3","Laragne","7","Le marteau","07:00","8","Primaire","oui","Je tourne dans le clip",""
"2023/10/03 9:10:27 AM UTC+3","Laragne","10","La boussole","07:00","10","Quaternaire","non","Cam√©raman;Je tourne dans le clip","Tr√®s cool"
"2023/10/03 10:03:38 AM UTC+3","Laragne","6","L'acide","07:20","7","Tertiaire","oui","Cam√©raman",""
"2023/10/03 10:28:25 AM UTC+3","BP","6","La carte","07:20","8","Tertiaire","oui","Choix de la musique d'origine;Ecriture du texte","AHHHHHHHHHHH!!!!!!!!"
"2023/10/03 12:52:15 PM UTC+3","Pyr√©n√©es","10","Le marteau","08:00","8","Tertiaire","oui","Choix de la musique d'origine;Ecriture du texte;R√©alisateur du clip;Cam√©raman;Je tourne dans le clip;Monteur","banger"
"2023/10/03 2:03:42 PM UTC+3","BP","8","Le marteau","07:45","7","Tertiaire","oui","Choix de la musique d'origine;Ecriture du texte;R√©alisateur du clip;Cam√©raman","Y‚Äôavait pas de toilettes :("
"2023/10/03 6:21:10 PM UTC+3","Digne (les best)","10","L'acide","07:10","7","Tertiaire","oui","Chanteur;Je tourne dans le clip","Apaisant, amusant, raffraichissant"
"2023/10/04 3:31:20 AM UTC+3","Laragne","6","Le marteau","07:05","9","Tertiaire","oui","Choix de la musique d'origine;Ecriture du texte;Chanteur;R√©alisateur du clip;Cam√©raman;Je tourne dans le clip;Caddie driver;Monteur","J'ai pas kiff√© fort et pour deux raisons principales. 1) Le groupe √©tait tr√®s sympa mais c'√©tait pas trop mon d√©lire. 2) Les profs. Je suis d√©√ßu parce que j'avais plein d'attente sur cette semaine g√©ologie. Au final, j'ai pas l'impression d'avoir appris grand chose. Parfois on posait une question aux accompagnateurs et ils refusaient de r√©pondre sous pr√©texte que c'√©tait trop compliqu√© pour nous. Bref je suis bien content de revenir √† la meuh et de reprendre les amphis. La g√©ol, partout oui mais Laragne non. (ah oui et aussi LE site (il y a un seul site) est √† 1h15 de bus du gite. c'est pas fou pour une semaine qui est cens√© nous montrer les enjeux √©cologiques...)"
"2023/10/05 1:02:36 PM UTC+3","Pyr√©n√©es","9","La loupe","07:30","4","Tertiaire","oui","Choix de la musique d'origine;Chanteur","la bouffe en espagne m‚Äôa traumatis√© "
"2023/10/06 12:31:40 AM UTC+3","Laragne","8","L'acide","07:00","7","Tertiaire","oui","Je tourne dans le clip",""