"Type","Team","Group","Position","Name","DOB","Caps","Goals","Country and Club"
"Age","Egypt","A","DF","Ahmed Elmohamady","1987-09-09","76","2","England Aston Villa"
"Age","Egypt","A","DF","Ahmed Fathy","1984-11-10","124","3","Egypt Al Ahly"
"Age","Egypt","A","DF","Ahmed Hegazi","1991-01-25","43","1","England West Bromwich Albion"
"Age","Egypt","A","DF","Ali Gabr","1993-07-28","20","1","England West Bromwich Albion"
"Age","Egypt","A","DF","Ayman Ashraf","1991-04-09","4","0","Egypt Al Ahly"
"Age","Egypt","A","DF","Mahmoud Hamdy","1995-06-01","0","0","Egypt Zamalek"
"Age","Egypt","A","DF","Mohamed Abdel-Shafy","1985-07-01","49","1","Saudi Arabia Al Fateh"
"Age","Egypt","A","DF","Omar Gaber","1992-01-30","23","0","United States Los Angeles FC"
"Age","Egypt","A","DF","Saad Samir","1989-04-01","10","0","Egypt Al Ahly"
"Age","Egypt","A","FW","Marwan Mohsen","1989-02-26","22","4","Egypt Al Ahly"
"Age","Egypt","A","FW","Mohamed Salah","1992-06-15","57","33","England Liverpool"
"Age","Egypt","A","GK","Essam El-Hadary (captain)","1973-01-15","156","0","Saudi Arabia Al Taawoun"
"Age","Egypt","A","GK","Mohamed El-Shenawy","1988-12-18","1","0","Egypt Al Ahly"
"Age","Egypt","A","GK","Sherif Ekramy","1983-07-01","22","0","Egypt Al Ahly"
"Age","Egypt","A","MF","Abdallah Said","1985-07-13","34","6","Finland KuPS"
"Age","Egypt","A","MF","Amr Warda","1993-09-13","14","0","Greece Atromitos"
"Age","Egypt","A","MF","Kahraba","1994-04-13","17","3","Saudi Arabia Al Ittihad"
"Age","Egypt","A","MF","Mohamed Elneny","1992-07-11","60","5","England Arsenal"
"Age","Egypt","A","MF","Ramadan Sobhi","1997-01-23","21","1","England Stoke City"
"Age","Egypt","A","MF","Sam Morsy","1991-09-10","3","0","England Wigan Athletic"
"Age","Egypt","A","MF","Shikabala","1986-03-05","28","2","Saudi Arabia Al Raed"
"Age","Egypt","A","MF","Tarek Hamed","1988-10-24","19","0","Egypt Zamalek"
"Age","Egypt","A","MF","Trézéguet","1994-10-01","23","2","Turkey Kasımpaşa"
"Age","Russia","A","DF","Andrei Semyonov","1989-03-24","6","0","Russia Akhmat Grozny"
"Age","Russia","A","DF","Fyodor Kudryashov","1987-04-05","17","0","Russia Rubin Kazan"
"Age","Russia","A","DF","Igor Smolnikov","1988-08-08","25","0","Russia Zenit Saint Petersburg"
"Age","Russia","A","DF","Ilya Kutepov","1993-07-29","6","0","Russia Spartak Moscow"
"Age","Russia","A","DF","Mário Fernandes","1990-09-19","3","0","Russia CSKA Moscow"
"Age","Russia","A","DF","Sergei Ignashevich","1979-07-14","120","8","Russia CSKA Moscow"
"Age","Russia","A","DF","Vladimir Granat","1987-05-22","11","1","Russia Rubin Kazan"
"Age","Russia","A","FW","Aleksei Miranchuk","1995-10-17","16","4","Russia Lokomotiv Moscow"
"Age","Russia","A","FW","Artem Dzyuba","1988-08-22","22","11","Russia Arsenal Tula"
"Age","Russia","A","FW","Fyodor Smolov","1990-02-05","30","12","Russia Krasnodar"
"Age","Russia","A","GK","Andrey Lunyov","1991-11-13","3","0","Russia Zenit Saint Petersburg"
"Age","Russia","A","GK","Igor Akinfeev (captain)","1986-04-08","104","0","Russia CSKA Moscow"
"Age","Russia","A","GK","Vladimir Gabulov","1983-10-19","10","0","Belgium Club Brugge"
"Age","Russia","A","MF","Alan Dzagoev","1990-06-17","55","9","Russia CSKA Moscow"
"Age","Russia","A","MF","Aleksandr Golovin","1996-05-30","17","2","Russia CSKA Moscow"
"Age","Russia","A","MF","Aleksandr Samedov","1984-07-19","46","6","Russia Spartak Moscow"
"Age","Russia","A","MF","Aleksandr Yerokhin","1989-10-13","17","0","Russia Zenit Saint Petersburg"
"Age","Russia","A","MF","Anton Miranchuk","1995-10-17","4","0","Russia Lokomotiv Moscow"
"Age","Russia","A","MF","Daler Kuzyayev","1993-01-15","4","0","Russia Zenit Saint Petersburg"
"Age","Russia","A","MF","Denis Cheryshev","1990-12-26","10","0","Spain Villarreal"
"Age","Russia","A","MF","Roman Zobnin","1994-02-11","10","0","Russia Spartak Moscow"
"Age","Russia","A","MF","Yuri Zhirkov","1983-08-20","82","2","Russia Zenit Saint Petersburg"
"Age","Russia","A","MF","Yury Gazinsky","1989-07-20","5","0","Russia Krasnodar"
"Age","Saudi Arabia","A","DF","Ali Al Bulaihi","1989-11-21","1","0","Saudi Arabia Al-Hilal"
"Age","Saudi Arabia","A","DF","Mansoor Al-Harbi","1987-10-19","37","1","Saudi Arabia Al-Ahli"
"Age","Saudi Arabia","A","DF","Mohammed Al-Breik","1992-09-15","9","1","Saudi Arabia Al-Hilal"
"Age","Saudi Arabia","A","DF","Motaz Hawsawi","1992-02-17","15","0","Saudi Arabia Al-Ahli"
"Age","Saudi Arabia","A","DF","Omar Hawsawi","1985-09-27","40","3","Saudi Arabia Al-Nassr"
"Age","Saudi Arabia","A","DF","Osama Hawsawi (captain)","1984-03-31","133","7","Saudi Arabia Al-Hilal"
"Age","Saudi Arabia","A","DF","Yasser Al-Shahrani","1992-05-25","34","0","Saudi Arabia Al-Hilal"
"Age","Saudi Arabia","A","FW","Fahad Al-Muwallad","1994-09-14","42","10","Spain Levante"
"Age","Saudi Arabia","A","FW","Mohammad Al-Sahlawi","1987-01-10","38","28","Saudi Arabia Al-Nassr"
"Age","Saudi Arabia","A","FW","Muhannad Assiri","1986-10-14","17","4","Saudi Arabia Al-Ahli"
"Age","Saudi Arabia","A","GK","Abdullah Al-Mayouf","1987-01-23","9","0","Saudi Arabia Al-Hilal"
"Age","Saudi Arabia","A","GK","Mohammed Al-Owais","1991-10-10","5","0","Saudi Arabia Al-Ahli"
"Age","Saudi Arabia","A","GK","Yasser Al Mosailem","1984-02-27","32","0","Saudi Arabia Al-Ahli"
"Age","Saudi Arabia","A","MF","Abdullah Al-Khaibari","1996-08-16","3","0","Saudi Arabia Al-Shabab"
"Age","Saudi Arabia","A","MF","Abdullah Otayf","1992-08-03","14","1","Saudi Arabia Al-Hilal"
"Age","Saudi Arabia","A","MF","Abdulmalek Al-Khaibri","1986-03-13","35","0","Saudi Arabia Al-Hilal"
"Age","Saudi Arabia","A","MF","Hattan Bahebri","1992-07-16","3","0","Saudi Arabia Al-Shabab"
"Age","Saudi Arabia","A","MF","Housain Al-Mogahwi","1988-01-28","15","1","Saudi Arabia Al-Ahli"
"Age","Saudi Arabia","A","MF","Mohamed Kanno","1994-09-22","5","1","Saudi Arabia Al-Hilal"
"Age","Saudi Arabia","A","MF","Salem Al-Dawsari","1991-08-19","30","4","Spain Villarreal"
"Age","Saudi Arabia","A","MF","Salman Al-Faraj","1989-08-01","40","3","Saudi Arabia Al-Hilal"
"Age","Saudi Arabia","A","MF","Taisir Al-Jassim","1984-07-25","129","18","Saudi Arabia Al-Ahli"
"Age","Saudi Arabia","A","MF","Yahya Al-Shehri","1990-06-26","55","7","Spain Leganés"
"Age","Uruguay","A","DF","Diego Godín (captain)","1986-02-16","115","8","Spain Atlético Madrid"
"Age","Uruguay","A","DF","Gastón Silva","1994-03-05","17","0","Argentina Independiente"
"Age","Uruguay","A","DF","Guillermo Varela","1993-03-24","3","0","Uruguay Peñarol"
"Age","Uruguay","A","DF","José Giménez","1995-01-20","41","4","Spain Atlético Madrid"
"Age","Uruguay","A","DF","Martín Cáceres","1987-04-07","75","4","Italy Lazio"
"Age","Uruguay","A","DF","Maxi Pereira","1984-06-08","124","3","Portugal Porto"
"Age","Uruguay","A","DF","Sebastián Coates","1990-10-07","30","1","Portugal Sporting CP"
"Age","Uruguay","A","FW","Cristhian Stuani","1986-12-10","40","5","Spain Girona"
"Age","Uruguay","A","FW","Edinson Cavani","1987-02-14","100","42","France Paris Saint-Germain"
"Age","Uruguay","A","FW","Luis Suárez","1987-01-24","97","50","Spain Barcelona"
"Age","Uruguay","A","FW","Maxi Gómez","1996-08-14","4","0","Spain Celta Vigo"
"Age","Uruguay","A","GK","Fernando Muslera","1986-06-16","96","0","Turkey Galatasaray"
"Age","Uruguay","A","GK","Martín Campaña","1989-05-29","1","0","Argentina Independiente"
"Age","Uruguay","A","GK","Martín Silva","1983-03-23","11","0","Brazil Vasco da Gama"
"Age","Uruguay","A","MF","Carlos Sánchez","1984-12-02","35","1","Mexico Monterrey"
"Age","Uruguay","A","MF","Cristian Rodríguez","1985-09-30","104","11","Uruguay Peñarol"
"Age","Uruguay","A","MF","Diego Laxalt","1993-02-07","5","0","Italy Genoa"
"Age","Uruguay","A","MF","Giorgian De Arrascaeta","1994-05-01","13","1","Brazil Cruzeiro"
"Age","Uruguay","A","MF","Jonathan Urretaviscaya","1990-03-19","4","0","Mexico Monterrey"
"Age","Uruguay","A","MF","Lucas Torreira","1996-02-11","2","0","Italy Sampdoria"
"Age","Uruguay","A","MF","Matías Vecino","1991-08-24","21","1","Italy Internazionale"
"Age","Uruguay","A","MF","Nahitan Nández","1995-12-28","11","0","Argentina Boca Juniors"
"Age","Uruguay","A","MF","Rodrigo Bentancur","1997-06-05","6","0","Italy Juventus"
"Age","Iran","B","DF","Majid Hosseini","1996-06-20","0","0","Iran Esteghlal"
"Age","Iran","B","DF","Milad Mohammadi","1993-09-29","16","0","Russia Akhmat Grozny"
"Age","Iran","B","DF","Mohammad Reza Khanzadeh","1991-05-11","10","1","Iran Padideh"
"Age","Iran","B","DF","Morteza Pouraliganji","1992-04-19","25","2","Qatar Al-Sadd"
"Age","Iran","B","DF","Pejman Montazeri","1983-09-06","45","1","Iran Esteghlal"
"Age","Iran","B","DF","Ramin Rezaeian","1990-03-21","26","2","Belgium Oostende"
"Age","Iran","B","DF","Rouzbeh Cheshmi","1993-07-24","7","0","Iran Esteghlal"
"Age","Iran","B","FW","Alireza Jahanbakhsh","1993-08-11","36","4","Netherlands AZ"
"Age","Iran","B","FW","Karim Ansarifard","1990-04-03","61","16","Greece Olympiacos"
"Age","Iran","B","FW","Mehdi Taremi","1992-07-18","23","11","Qatar Al-Gharafa"
"Age","Iran","B","FW","Reza Ghoochannejhad","1987-09-20","40","17","Netherlands Heerenveen"
"Age","Iran","B","FW","Sardar Azmoun","1995-01-01","31","23","Russia Rubin Kazan"
"Age","Iran","B","GK","Alireza Beiranvand","1992-09-21","20","0","Iran Persepolis"
"Age","Iran","B","GK","Amir Abedzadeh","1993-04-26","0","0","Portugal Marítimo"
"Age","Iran","B","GK","Mohammad Rashid Mazaheri","1989-05-18","3","0","Iran Zob Ahan Esfahan"
"Age","Iran","B","MF","Ashkan Dejagah","1986-06-05","44","8","England Nottingham Forest"
"Age","Iran","B","MF","Ehsan Hajsafi","1990-02-25","91","6","Greece Olympiacos"
"Age","Iran","B","MF","Masoud Shojaei (captain)","1984-06-09","72","8","Greece AEK Athens"
"Age","Iran","B","MF","Mehdi Torabi","1994-09-10","14","4","Iran Saipa"
"Age","Iran","B","MF","Omid Ebrahimi","1987-09-16","28","0","Iran Esteghlal"
"Age","Iran","B","MF","Saeid Ezatolahi","1996-10-01","24","1","Russia Amkar Perm"
"Age","Iran","B","MF","Saman Ghoddos","1993-09-06","6","1","Sweden Östersund"
"Age","Iran","B","MF","Vahid Amiri","1988-04-02","33","1","Iran Persepolis"
"Age","Morocco","B","DF","Achraf Hakimi","1998-11-04","7","1","Spain Real Madrid"
"Age","Morocco","B","DF","Hamza Mendyl","1997-10-21","11","0","France Lille"
"Age","Morocco","B","DF","Manuel da Costa","1986-05-06","25","1","Turkey İstanbul Başakşehir"
"Age","Morocco","B","DF","Medhi Benatia (captain)","1987-04-17","54","2","Italy Juventus"
"Age","Morocco","B","DF","Nabil Dirar","1986-02-25","34","3","Turkey Fenerbahçe"
"Age","Morocco","B","DF","Romain Saïss","1990-03-26","21","1","England Wolverhampton Wanderers"
"Age","Morocco","B","FW","Ayoub El Kaabi","1993-06-26","8","10","Morocco RS Berkane"
"Age","Morocco","B","FW","Aziz Bouhaddouz","1987-01-29","13","3","Germany FC St. Pauli"
"Age","Morocco","B","FW","Khalid Boutaïb","1987-04-24","15","7","Turkey Yeni Malatyaspor"
"Age","Morocco","B","FW","Youssef En-Nesyri","1997-06-01","15","1","Spain Málaga"
"Age","Morocco","B","GK","Ahmed Reda Tagnaouti","1996-04-05","2","0","Morocco IR Tanger"
"Age","Morocco","B","GK","Munir Mohamedi","1989-05-10","25","0","Spain Numancia"
"Age","Morocco","B","GK","Yassine Bounou","1991-04-05","10","0","Spain Girona"
"Age","Morocco","B","MF","Amine Harit","1997-06-18","3","0","Germany Schalke 04"
"Age","Morocco","B","MF","Fayçal Fajr","1988-08-01","21","2","Spain Getafe"
"Age","Morocco","B","MF","Hakim Ziyech","1993-03-19","15","8","Netherlands Ajax"
"Age","Morocco","B","MF","Karim El Ahmadi","1985-01-27","48","1","Netherlands Feyenoord"
"Age","Morocco","B","MF","Mbark Boussoufa","1984-08-15","56","7","United Arab Emirates Al-Jazira"
"Age","Morocco","B","MF","Mehdi Carcela","1989-07-01","19","1","Belgium Standard Liège"
"Age","Morocco","B","MF","Nordin Amrabat","1987-03-31","41","4","Spain Leganés"
"Age","Morocco","B","MF","Sofyan Amrabat","1996-08-21","4","0","Netherlands Feyenoord"
"Age","Morocco","B","MF","Younès Belhanda","1990-02-25","44","3","Turkey Galatasaray"
"Age","Morocco","B","MF","Youssef Aït Bennasser","1996-07-07","11","0","France Caen"
"Age","Portugal","B","DF","Bruno Alves","1981-11-27","95","11","Scotland Rangers"
"Age","Portugal","B","DF","Cédric","1991-08-31","26","1","England Southampton"
"Age","Portugal","B","DF","José Fonte","1983-12-22","28","0","China Dalian Yifang"
"Age","Portugal","B","DF","Mário Rui","1991-05-27","1","0","Italy Napoli"
"Age","Portugal","B","DF","Pepe","1983-02-26","92","5","Turkey Beşiktaş"
"Age","Portugal","B","DF","Raphaël Guerreiro","1993-12-22","21","2","Germany Borussia Dortmund"
"Age","Portugal","B","DF","Ricardo Pereira","1993-10-06","3","0","Portugal Porto"
"Age","Portugal","B","DF","Rúben Dias","1997-05-14","0","0","Portugal Benfica"
"Age","Portugal","B","FW","André Silva","1995-11-06","20","11","Italy Milan"
"Age","Portugal","B","FW","Cristiano Ronaldo (captain)","1985-02-05","149","81","Spain Real Madrid"
"Age","Portugal","B","FW","Gelson Martins","1995-05-11","17","0","Portugal Sporting CP"
"Age","Portugal","B","FW","Gonçalo Guedes","1996-11-29","7","1","Spain Valencia"
"Age","Portugal","B","FW","Ricardo Quaresma","1983-09-26","74","9","Turkey Beşiktaş"
"Age","Portugal","B","GK","Anthony Lopes","1990-10-01","6","0","France Lyon"
"Age","Portugal","B","GK","Beto","1982-06-01","13","0","Turkey Göztepe"
"Age","Portugal","B","GK","Rui Patrício","1988-02-15","68","0","Portugal Sporting CP"
"Age","Portugal","B","MF","Adrien Silva","1989-03-15","21","1","England Leicester City"
"Age","Portugal","B","MF","Bernardo Silva","1994-08-10","22","2","England Manchester City"
"Age","Portugal","B","MF","Bruno Fernandes","1994-09-08","4","0","Portugal Sporting CP"
"Age","Portugal","B","MF","João Mário","1993-01-19","33","1","England West Ham United"
"Age","Portugal","B","MF","João Moutinho","1986-09-08","107","7","France Monaco"
"Age","Portugal","B","MF","Manuel Fernandes","1986-02-05","12","3","Russia Lokomotiv Moscow"
"Age","Portugal","B","MF","William Carvalho","1992-04-07","40","2","Portugal Sporting CP"
"Age","Spain","B","DF","Álvaro Odriozola","1995-12-14","2","0","Spain Real Sociedad"
"Age","Spain","B","DF","César Azpilicueta","1989-08-28","21","0","England Chelsea"
"Age","Spain","B","DF","Dani Carvajal","1992-01-11","15","0","Spain Real Madrid"
"Age","Spain","B","DF","Gerard Piqué","1987-02-02","96","5","Spain Barcelona"
"Age","Spain","B","DF","Jordi Alba","1989-03-21","60","8","Spain Barcelona"
"Age","Spain","B","DF","Nacho","1990-01-18","15","0","Spain Real Madrid"
"Age","Spain","B","DF","Nacho Monreal","1986-02-26","21","1","England Arsenal"
"Age","Spain","B","DF","Sergio Ramos (captain)","1986-03-30","151","13","Spain Real Madrid"
"Age","Spain","B","FW","Diego Costa","1988-10-07","18","7","Spain Atlético Madrid"
"Age","Spain","B","FW","Iago Aspas","1987-08-01","8","4","Spain Celta Vigo"
"Age","Spain","B","FW","Lucas Vázquez","1991-07-01","5","0","Spain Real Madrid"
"Age","Spain","B","FW","Marco Asensio","1996-01-21","10","0","Spain Real Madrid"
"Age","Spain","B","FW","Rodrigo","1991-03-06","4","2","Spain Valencia"
"Age","Spain","B","GK","David de Gea","1990-11-07","27","0","England Manchester United"
"Age","Spain","B","GK","Kepa Arrizabalaga","1994-10-03","1","0","Spain Athletic Bilbao"
"Age","Spain","B","GK","Pepe Reina","1982-08-31","36","0","Italy Napoli"
"Age","Spain","B","MF","Andrés Iniesta","1984-05-11","125","14","Spain Barcelona"
"Age","Spain","B","MF","David Silva","1986-01-08","119","35","England Manchester City"
"Age","Spain","B","MF","Isco","1992-04-21","27","10","Spain Real Madrid"
"Age","Spain","B","MF","Koke","1992-01-08","38","0","Spain Atlético Madrid"
"Age","Spain","B","MF","Saúl","1994-11-21","9","0","Spain Atlético Madrid"
"Age","Spain","B","MF","Sergio Busquets","1988-07-16","102","2","Spain Barcelona"
"Age","Spain","B","MF","Thiago","1991-04-11","27","2","Germany Bayern Munich"
"Age","Australia","C","DF","Aziz Behich","1990-10-16","21","2","Turkey Bursaspor"
"Age","Australia","C","DF","James Meredith","1988-04-04","2","0","England Millwall"
"Age","Australia","C","DF","Josh Risdon","1992-07-27","6","0","Australia Western Sydney Wanderers"
"Age","Australia","C","DF","Matthew Jurman","1989-12-08","4","0","South Korea Suwon Samsung Bluewings"
"Age","Australia","C","DF","Milos Degenek","1994-04-28","17","0","Japan Yokohama F. Marinos"
"Age","Australia","C","DF","Trent Sainsbury","1992-01-05","33","3","Switzerland Grasshoppers"
"Age","Australia","C","FW","Andrew Nabbout","1992-12-17","2","0","Japan Urawa Red Diamonds"
"Age","Australia","C","FW","Jamie Maclaren","1993-07-29","6","0","Scotland Hibernian"
"Age","Australia","C","FW","Mathew Leckie","1991-02-04","51","6","Germany Hertha BSC"
"Age","Australia","C","FW","Robbie Kruse","1988-10-05","62","5","Germany VfL Bochum"
"Age","Australia","C","FW","Tim Cahill","1979-12-06","105","50","England Millwall"
"Age","Australia","C","FW","Tomi Juric","1991-07-22","34","8","Switzerland Luzern"
"Age","Australia","C","GK","Brad Jones","1982-03-19","5","0","Netherlands Feyenoord"
"Age","Australia","C","GK","Danny Vukovic","1985-03-27","1","0","Belgium Genk"
"Age","Australia","C","GK","Mathew Ryan","1992-04-08","42","0","England Brighton & Hove Albion"
"Age","Australia","C","MF","Aaron Mooy","1990-09-15","32","5","England Huddersfield Town"
"Age","Australia","C","MF","Daniel Arzani","1999-01-04","0","0","Australia Melbourne City"
"Age","Australia","C","MF","Dimitri Petratos","1992-11-10","1","0","Australia Newcastle Jets"
"Age","Australia","C","MF","Jackson Irvine","1993-03-07","17","2","England Hull City"
"Age","Australia","C","MF","Mark Milligan","1985-08-04","69","6","Saudi Arabia Al-Ahli"
"Age","Australia","C","MF","Massimo Luongo","1992-09-25","34","5","England Queens Park Rangers"
"Age","Australia","C","MF","Mile Jedinak (captain)","1984-08-03","75","18","England Aston Villa"
"Age","Australia","C","MF","Tom Rogic","1992-12-16","35","7","Scotland Celtic"
"Age","Denmark","C","DF","Andreas Christensen","1996-04-10","14","1","England Chelsea"
"Age","Denmark","C","DF","Henrik Dalsgaard","1989-07-27","9","0","England Brentford"
"Age","Denmark","C","DF","Jannik Vestergaard","1992-08-03","15","1","Germany Borussia Mönchengladbach"
"Age","Denmark","C","DF","Jens Stryger Larsen","1991-02-21","11","1","Italy Udinese"
"Age","Denmark","C","DF","Jonas Knudsen","1992-09-16","3","0","England Ipswich Town"
"Age","Denmark","C","DF","Mathias Jørgensen","1990-04-23","12","0","England Huddersfield Town"
"Age","Denmark","C","DF","Simon Kjær (captain)","1989-03-26","76","3","Spain Sevilla"
"Age","Denmark","C","FW","Andreas Cornelius","1993-03-16","18","4","Italy Atalanta"
"Age","Denmark","C","FW","Kasper Dolberg","1997-10-06","4","1","Netherlands Ajax"
"Age","Denmark","C","FW","Martin Braithwaite","1991-06-05","18","1","France Bordeaux"
"Age","Denmark","C","FW","Nicolai Jørgensen","1991-01-15","29","8","Netherlands Feyenoord"
"Age","Denmark","C","FW","Viktor Fischer","1994-06-09","17","3","Denmark Copenhagen"
"Age","Denmark","C","FW","Yussuf Poulsen","1994-06-15","26","3","Germany RB Leipzig"
"Age","Denmark","C","GK","Frederik Rønnow","1992-08-04","6","0","Denmark Brøndby"
"Age","Denmark","C","GK","Jonas Lössl","1989-02-01","1","0","England Huddersfield Town"
"Age","Denmark","C","GK","Kasper Schmeichel","1986-11-05","33","0","England Leicester City"
"Age","Denmark","C","MF","Christian Eriksen","1992-02-14","77","21","England Tottenham Hotspur"
"Age","Denmark","C","MF","Lasse Schöne","1986-05-27","34","3","Netherlands Ajax"
"Age","Denmark","C","MF","Lukas Lerager","1993-07-12","3","0","France Bordeaux"
"Age","Denmark","C","MF","Michael Krohn-Dehli","1983-06-06","57","6","Spain Deportivo La Coruña"
"Age","Denmark","C","MF","Pione Sisto","1995-02-04","12","1","Spain Celta Vigo"
"Age","Denmark","C","MF","Thomas Delaney","1991-09-03","25","4","Germany Werder Bremen"
"Age","Denmark","C","MF","William Kvist","1985-02-24","78","2","Denmark Copenhagen"
"Age","France","C","DF","Adil Rami","1985-12-27","33","1","France Marseille"
"Age","France","C","DF","Benjamin Mendy","1994-07-17","4","0","England Manchester City"
"Age","France","C","DF","Benjamin Pavard","1996-03-28","3","0","Germany VfB Stuttgart"
"Age","France","C","DF","Djibril Sidibé","1992-07-29","15","1","France Monaco"
"Age","France","C","DF","Lucas Hernández","1996-02-14","2","0","Spain Atlético Madrid"
"Age","France","C","DF","Presnel Kimpembe","1995-08-13","1","0","France Paris Saint-Germain"
"Age","France","C","DF","Raphaël Varane","1993-04-25","41","2","Spain Real Madrid"
"Age","France","C","DF","Samuel Umtiti","1993-11-14","16","1","Spain Barcelona"
"Age","France","C","FW","Antoine Griezmann","1991-03-21","51","19","Spain Atlético Madrid"
"Age","France","C","FW","Florian Thauvin","1993-01-26","3","0","France Marseille"
"Age","France","C","FW","Kylian Mbappé","1998-12-20","12","3","France Paris Saint-Germain"
"Age","France","C","FW","Nabil Fekir","1993-07-18","10","1","France Lyon"
"Age","France","C","FW","Olivier Giroud","1986-09-30","71","30","England Chelsea"
"Age","France","C","FW","Ousmane Dembélé","1997-05-15","9","1","Spain Barcelona"
"Age","France","C","GK","Alphonse Areola","1993-02-27","0","0","France Paris Saint-Germain"
"Age","France","C","GK","Hugo Lloris (captain)","1986-12-26","96","0","England Tottenham Hotspur"
"Age","France","C","GK","Steve Mandanda","1985-03-28","26","0","France Marseille"
"Age","France","C","MF","Blaise Matuidi","1987-04-09","64","9","Italy Juventus"
"Age","France","C","MF","Corentin Tolisso","1994-08-03","6","0","Germany Bayern Munich"
"Age","France","C","MF","N'Golo Kanté","1991-03-29","22","1","England Chelsea"
"Age","France","C","MF","Paul Pogba","1993-03-15","51","9","England Manchester United"
"Age","France","C","MF","Steven Nzonzi","1988-12-15","2","0","Spain Sevilla"
"Age","France","C","MF","Thomas Lemar","1995-11-12","10","3","France Monaco"
"Age","Peru","C","DF","Alberto Rodríguez","1984-05-31","58","0","Colombia Atlético Junior"
"Age","Peru","C","DF","Aldo Corzo","1989-05-20","23","0","Peru Universitario"
"Age","Peru","C","DF","Anderson Santamaría","1992-01-10","2","0","Mexico Puebla"
"Age","Peru","C","DF","Christian Ramos","1988-11-04","63","3","Mexico Veracruz"
"Age","Peru","C","DF","Luis Advíncula","1990-03-02","62","0","Mexico Lobos BUAP"
"Age","Peru","C","DF","Miguel Araujo","1994-10-24","2","0","Peru Alianza Lima"
"Age","Peru","C","DF","Miguel Trauco","1992-08-25","24","0","Brazil Flamengo"
"Age","Peru","C","DF","Nilson Loyola","1994-10-26","3","0","Peru FBC Melgar"
"Age","Peru","C","FW","André Carrillo","1991-06-14","42","4","England Watford"
"Age","Peru","C","FW","Andy Polo","1994-09-29","15","1","United States Portland Timbers"
"Age","Peru","C","FW","Jefferson Farfán","1984-10-26","81","24","Russia Lokomotiv Moscow"
"Age","Peru","C","FW","Paolo Guerrero (captain)","1984-01-01","87","34","Brazil Flamengo"
"Age","Peru","C","FW","Paolo Hurtado","1990-07-27","29","3","Portugal Vitória de Guimarães"
"Age","Peru","C","FW","Raúl Ruidíaz","1990-07-25","29","4","Mexico Morelia"
"Age","Peru","C","GK","Carlos Cáceda","1991-09-27","4","0","Peru Deportivo Municipal"
"Age","Peru","C","GK","José Carvallo","1986-03-01","5","0","Peru UTC"
"Age","Peru","C","GK","Pedro Gallese","1990-04-23","36","0","Mexico Veracruz"
"Age","Peru","C","MF","Christian Cueva","1991-11-23","41","7","Brazil São Paulo"
"Age","Peru","C","MF","Edison Flores","1994-05-14","26","9","Denmark AaB"
"Age","Peru","C","MF","Pedro Aquino","1995-04-13","10","0","Mexico Lobos BUAP"
"Age","Peru","C","MF","Renato Tapia","1995-07-28","20","1","Netherlands Feyenoord"
"Age","Peru","C","MF","Wilder Cartagena","1994-09-23","2","0","Mexico Veracruz"
"Age","Peru","C","MF","Yoshimar Yotún","1990-04-07","70","2","United States Orlando City"
"Age","Argentina","D","DF","Cristian Ansaldi","1986-09-20","5","0","Italy Torino"
"Age","Argentina","D","DF","Eduardo Salvio","1990-07-13","8","0","Portugal Benfica"
"Age","Argentina","D","DF","Federico Fazio","1987-01-30","8","1","Italy Roma"
"Age","Argentina","D","DF","Gabriel Mercado","1987-03-18","20","3","Spain Sevilla"
"Age","Argentina","D","DF","Javier Mascherano","1984-06-08","142","3","China Hebei China Fortune"
"Age","Argentina","D","DF","Marcos Acuña","1991-10-28","9","0","Portugal Sporting CP"
"Age","Argentina","D","DF","Marcos Rojo","1990-11-28","55","2","England Manchester United"
"Age","Argentina","D","DF","Nicolás Otamendi","1988-07-05","53","4","England Manchester City"
"Age","Argentina","D","DF","Nicolás Tagliafico","1992-08-31","3","0","Netherlands Ajax"
"Age","Argentina","D","FW","Gonzalo Higuaín","1987-12-10","70","31","Italy Juventus"
"Age","Argentina","D","FW","Lionel Messi (captain)","1987-06-24","123","61","Spain Barcelona"
"Age","Argentina","D","FW","Paulo Dybala","1993-11-15","12","0","Italy Juventus"
"Age","Argentina","D","FW","Sergio Agüero","1988-06-02","84","36","England Manchester City"
"Age","Argentina","D","GK","Franco Armani","1986-10-16","0","0","Argentina River Plate"
"Age","Argentina","D","GK","Nahuel Guzmán","1986-02-10","6","0","Mexico UANL"
"Age","Argentina","D","GK","Willy Caballero","1981-09-28","2","0","England Chelsea"
"Age","Argentina","D","MF","Ángel Di María","1988-05-21","93","19","France Paris Saint-Germain"
"Age","Argentina","D","MF","Cristian Pavón","1996-01-21","4","0","Argentina Boca Juniors"
"Age","Argentina","D","MF","Éver Banega","1988-06-29","61","6","Spain Sevilla"
"Age","Argentina","D","MF","Giovani Lo Celso","1996-04-09","4","0","France Paris Saint-Germain"
"Age","Argentina","D","MF","Lucas Biglia","1986-01-30","36","1","Italy Milan"
"Age","Argentina","D","MF","Manuel Lanzini","1993-02-13","3","1","England West Ham United"
"Age","Argentina","D","MF","Maximiliano Meza","1992-01-15","1","0","Argentina Independiente"
"Age","Croatia","D","DF","Dejan Lovren","1989-07-05","37","2","England Liverpool"
"Age","Croatia","D","DF","Domagoj Vida","1989-04-29","57","2","Turkey Beşiktaş"
"Age","Croatia","D","DF","Duje Ćaleta-Car","1996-09-17","0","0","Austria Red Bull Salzburg"
"Age","Croatia","D","DF","Ivan Strinić","1987-07-17","42","0","Italy Sampdoria"
"Age","Croatia","D","DF","Josip Pivarić","1989-01-30","19","0","Ukraine Dynamo Kyiv"
"Age","Croatia","D","DF","Šime Vrsaljko","1992-01-10","34","0","Spain Atlético Madrid"
"Age","Croatia","D","DF","Tin Jedvaj","1995-11-28","10","0","Germany Bayer Leverkusen"
"Age","Croatia","D","DF","Vedran Ćorluka","1986-02-05","97","4","Russia Lokomotiv Moscow"
"Age","Croatia","D","FW","Andrej Kramarić","1991-06-19","29","8","Germany 1899 Hoffenheim"
"Age","Croatia","D","FW","Ante Rebić","1993-09-21","14","1","Germany Eintracht Frankfurt"
"Age","Croatia","D","FW","Ivan Perišić","1989-02-02","64","17","Italy Internazionale"
"Age","Croatia","D","FW","Mario Mandžukić","1986-05-21","82","30","Italy Juventus"
"Age","Croatia","D","FW","Marko Pjaca","1995-05-06","15","1","Germany Schalke 04"
"Age","Croatia","D","FW","Nikola Kalinić","1988-01-05","41","15","Italy Milan"
"Age","Croatia","D","GK","Danijel Subašić","1984-10-27","36","0","France Monaco"
"Age","Croatia","D","GK","Dominik Livaković","1995-01-09","1","0","Croatia Dinamo Zagreb"
"Age","Croatia","D","GK","Lovre Kalinić","1990-04-03","10","0","Belgium Gent"
"Age","Croatia","D","MF","Filip Bradarić","1992-01-11","3","0","Croatia Rijeka"
"Age","Croatia","D","MF","Ivan Rakitić","1988-03-10","90","14","Spain Barcelona"
"Age","Croatia","D","MF","Luka Modrić (captain)","1985-09-09","104","12","Spain Real Madrid"
"Age","Croatia","D","MF","Marcelo Brozović","1992-11-16","33","6","Italy Internazionale"
"Age","Croatia","D","MF","Mateo Kovačić","1994-05-06","39","1","Spain Real Madrid"
"Age","Croatia","D","MF","Milan Badelj","1989-02-25","36","1","Italy Fiorentina"
"Age","Iceland","D","DF","Ari Freyr Skúlason","1987-05-14","54","0","Belgium Lokeren"
"Age","Iceland","D","DF","Birkir Már Sævarsson","1984-11-11","78","1","Iceland Valur"
"Age","Iceland","D","DF","Hólmar Örn Eyjólfsson","1990-08-06","9","1","Bulgaria Levski Sofia"
"Age","Iceland","D","DF","Hörður Björgvin Magnússon","1993-02-11","15","2","England Bristol City"
"Age","Iceland","D","DF","Kári Árnason","1982-10-13","65","4","Scotland Aberdeen"
"Age","Iceland","D","DF","Ragnar Sigurðsson","1986-06-19","75","3","Russia Rostov"
"Age","Iceland","D","DF","Samúel Friðjónsson","1996-02-22","3","0","Norway Vålerenga"
"Age","Iceland","D","DF","Sverrir Ingi Ingason","1993-08-05","18","3","Russia Rostov"
"Age","Iceland","D","FW","Albert Guðmundsson","1997-06-15","4","3","Netherlands PSV Eindhoven"
"Age","Iceland","D","FW","Alfreð Finnbogason","1989-02-01","45","11","Germany FC Augsburg"
"Age","Iceland","D","FW","Björn Bergmann Sigurðarson","1991-02-26","10","1","Russia Rostov"
"Age","Iceland","D","FW","Jón Daði Böðvarsson","1992-05-25","36","2","England Reading"
"Age","Iceland","D","GK","Frederik Schram","1995-01-19","3","0","Denmark Roskilde"
"Age","Iceland","D","GK","Hannes Þór Halldórsson","1984-04-27","48","0","Denmark Randers"
"Age","Iceland","D","GK","Rúnar Alex Rúnarsson","1995-02-18","3","0","Denmark Nordsjælland"
"Age","Iceland","D","MF","Arnór Ingvi Traustason","1993-04-30","18","5","Sweden Malmö"
"Age","Iceland","D","MF","Aron Gunnarsson (captain)","1989-04-22","77","2","Wales Cardiff City"
"Age","Iceland","D","MF","Birkir Bjarnason","1988-05-27","65","9","England Aston Villa"
"Age","Iceland","D","MF","Emil Hallfreðsson","1984-06-29","62","1","Italy Udinese"
"Age","Iceland","D","MF","Gylfi Sigurðsson","1989-09-08","55","18","England Everton"
"Age","Iceland","D","MF","Jóhann Berg Guðmundsson","1990-10-27","65","7","England Burnley"
"Age","Iceland","D","MF","Ólafur Ingi Skúlason","1983-04-01","35","1","Turkey Kardemir Karabükspor"
"Age","Iceland","D","MF","Rúrik Gíslason","1988-02-25","45","3","Germany SV Sandhausen"
"Age","Nigeria","D","DF","Brian Idowu","1992-05-18","3","1","Russia Amkar Perm"
"Age","Nigeria","D","DF","Chidozie Awaziem","1997-01-01","4","0","France Nantes"
"Age","Nigeria","D","DF","Elderson Echiéjilé","1988-01-20","60","3","Belgium Cercle Brugge"
"Age","Nigeria","D","DF","Kenneth Omeruo","1993-10-17","37","0","Turkey Kasımpaşa"
"Age","Nigeria","D","DF","Leon Balogun","1988-06-28","16","0","Germany Mainz 05"
"Age","Nigeria","D","DF","Shehu Abdullahi","1993-03-12","22","0","Turkey Bursaspor"
"Age","Nigeria","D","DF","Tyronne Ebuehi","1995-12-16","4","0","Netherlands ADO Den Haag"
"Age","Nigeria","D","DF","William Troost-Ekong","1993-09-01","19","0","Turkey Bursaspor"
"Age","Nigeria","D","FW","Ahmed Musa","1992-10-14","69","13","Russia CSKA Moscow"
"Age","Nigeria","D","FW","Kelechi Iheanacho","1996-10-03","15","8","England Leicester City"
"Age","Nigeria","D","FW","Odion Ighalo","1989-06-16","17","4","China Changchun Yatai"
"Age","Nigeria","D","FW","Simeon Nwankwo","1992-05-07","0","0","Italy Crotone"
"Age","Nigeria","D","GK","Daniel Akpeyi","1986-08-03","7","0","South Africa Chippa United"
"Age","Nigeria","D","GK","Francis Uzoho","1998-10-28","3","0","Spain Deportivo Fabril"
"Age","Nigeria","D","GK","Ikechukwu Ezenwa","1988-10-16","24","0","Nigeria Enyimba"
"Age","Nigeria","D","MF","Alex Iwobi","1996-05-03","16","4","England Arsenal"
"Age","Nigeria","D","MF","Joel Obi","1991-05-22","15","0","Italy Torino"
"Age","Nigeria","D","MF","John Obi Mikel (captain)","1987-04-22","83","6","China Tianjin TEDA"
"Age","Nigeria","D","MF","John Ogu","1988-04-20","18","2","Israel Hapoel Be'er Sheva"
"Age","Nigeria","D","MF","Ogenyi Onazi","1992-12-25","50","1","Turkey Trabzonspor"
"Age","Nigeria","D","MF","Oghenekaro Etebo","1995-11-09","12","1","Spain Las Palmas"
"Age","Nigeria","D","MF","Victor Moses","1990-12-12","32","11","England Chelsea"
"Age","Nigeria","D","MF","Wilfred Ndidi","1996-12-16","16","0","England Leicester City"
"Age","Brazil","E","DF","Danilo","1991-07-15","16","0","England Manchester City"
"Age","Brazil","E","DF","Fagner","1989-06-11","4","0","Brazil Corinthians"
"Age","Brazil","E","DF","Filipe Luís","1985-08-09","31","2","Spain Atlético Madrid"
"Age","Brazil","E","DF","Marcelo","1988-05-12","52","6","Spain Real Madrid"
"Age","Brazil","E","DF","Marquinhos","1994-05-14","24","0","France Paris Saint-Germain"
"Age","Brazil","E","DF","Miranda","1984-09-07","45","2","Italy Internazionale"
"Age","Brazil","E","DF","Pedro Geromel","1985-09-21","2","0","Brazil Grêmio"
"Age","Brazil","E","DF","Thiago Silva","1984-09-22","69","5","France Paris Saint-Germain"
"Age","Brazil","E","FW","Douglas Costa","1990-09-14","24","3","Italy Juventus"
"Age","Brazil","E","FW","Gabriel Jesus","1997-04-03","15","9","England Manchester City"
"Age","Brazil","E","FW","Neymar","1992-02-05","83","53","France Paris Saint-Germain"
"Age","Brazil","E","FW","Roberto Firmino","1991-10-02","19","5","England Liverpool"
"Age","Brazil","E","FW","Taison","1988-01-13","6","1","Ukraine Shakhtar Donetsk"
"Age","Brazil","E","GK","Alisson","1992-10-02","24","0","Italy Roma"
"Age","Brazil","E","GK","Cássio","1987-06-06","1","0","Brazil Corinthians"
"Age","Brazil","E","GK","Ederson","1993-08-17","1","0","England Manchester City"
"Age","Brazil","E","MF","Casemiro","1992-02-23","22","0","Spain Real Madrid"
"Age","Brazil","E","MF","Fernandinho","1985-05-04","42","2","England Manchester City"
"Age","Brazil","E","MF","Fred","1993-03-05","7","0","Ukraine Shakhtar Donetsk"
"Age","Brazil","E","MF","Paulinho","1988-07-25","48","12","Spain Barcelona"
"Age","Brazil","E","MF","Philippe Coutinho","1992-06-12","35","9","Spain Barcelona"
"Age","Brazil","E","MF","Renato Augusto","1988-02-08","28","5","China Beijing Sinobo Guoan"
"Age","Brazil","E","MF","Willian","1988-08-09","55","8","England Chelsea"
"Age","Costa Rica","E","DF","Bryan Oviedo","1990-02-18","41","1","England Sunderland"
"Age","Costa Rica","E","DF","Cristian Gamboa","1989-10-24","65","3","Scotland Celtic"
"Age","Costa Rica","E","DF","Francisco Calvo","1992-07-08","35","3","United States Minnesota United"
"Age","Costa Rica","E","DF","Giancarlo González","1988-02-08","67","2","Italy Bologna"
"Age","Costa Rica","E","DF","Ian Smith","1998-03-06","1","0","Sweden Norrköping"
"Age","Costa Rica","E","DF","Johnny Acosta","1983-07-21","67","2","Colombia Águilas Doradas"
"Age","Costa Rica","E","DF","Kendall Waston","1988-01-01","24","3","Canada Vancouver Whitecaps FC"
"Age","Costa Rica","E","DF","Óscar Duarte","1989-06-03","37","2","Spain Espanyol"
"Age","Costa Rica","E","DF","Rónald Matarrita","1994-07-09","21","2","United States New York City FC"
"Age","Costa Rica","E","FW","Bryan Ruiz (captain)","1985-08-18","109","23","Portugal Sporting CP"
"Age","Costa Rica","E","FW","Joel Campbell","1992-06-26","76","14","Spain Real Betis"
"Age","Costa Rica","E","FW","Johan Venegas","1988-11-27","44","9","Costa Rica Saprissa"
"Age","Costa Rica","E","FW","Marco Ureña","1990-03-05","62","15","United States Los Angeles FC"
"Age","Costa Rica","E","GK","Keylor Navas","1986-12-15","78","0","Spain Real Madrid"
"Age","Costa Rica","E","GK","Leonel Moreira","1990-04-02","8","0","Costa Rica Herediano"
"Age","Costa Rica","E","GK","Patrick Pemberton","1982-05-24","39","0","Costa Rica Alajuelense"
"Age","Costa Rica","E","MF","Celso Borges","1988-05-27","110","21","Spain Deportivo La Coruña"
"Age","Costa Rica","E","MF","Christian Bolaños","1984-05-30","79","6","Costa Rica Saprissa"
"Age","Costa Rica","E","MF","Daniel Colindres","1985-05-28","10","0","Costa Rica Saprissa"
"Age","Costa Rica","E","MF","David Guzmán","1990-02-18","40","0","United States Portland Timbers"
"Age","Costa Rica","E","MF","Randall Azofeifa","1984-12-30","57","3","Costa Rica Herediano"
"Age","Costa Rica","E","MF","Rodney Wallace","1988-06-17","30","4","United States New York City FC"
"Age","Costa Rica","E","MF","Yeltsin Tejeda","1992-03-17","48","0","Switzerland Lausanne"
"Age","Serbia","E","DF","Aleksandar Kolarov (captain)","1985-11-10","74","10","Italy Roma"
"Age","Serbia","E","DF","Antonio Rukavina","1984-01-26","45","0","Spain Villarreal"
"Age","Serbia","E","DF","Branislav Ivanović","1984-02-22","102","12","Russia Zenit Saint Petersburg"
"Age","Serbia","E","DF","Duško Tošić","1985-01-19","22","1","Turkey Beşiktaş"
"Age","Serbia","E","DF","Milan Rodić","1991-04-02","0","0","Serbia Red Star Belgrade"
"Age","Serbia","E","DF","Miloš Veljković","1995-09-26","2","0","Germany Werder Bremen"
"Age","Serbia","E","DF","Nikola Milenković","1997-10-12","1","0","Italy Fiorentina"
"Age","Serbia","E","DF","Uroš Spajić","1993-02-13","5","0","Belgium Anderlecht"
"Age","Serbia","E","FW","Aleksandar Mitrović","1994-09-16","35","13","England Fulham"
"Age","Serbia","E","FW","Aleksandar Prijović","1990-04-21","8","1","Greece PAOK"
"Age","Serbia","E","FW","Luka Jović","1997-12-23","0","0","Germany Eintracht Frankfurt"
"Age","Serbia","E","GK","Marko Dmitrović","1992-01-24","2","0","Spain Eibar"
"Age","Serbia","E","GK","Predrag Rajković","1995-10-31","7","0","Israel Maccabi Tel Aviv"
"Age","Serbia","E","GK","Vladimir Stojković","1983-07-28","79","0","Serbia Partizan"
"Age","Serbia","E","MF","Adem Ljajić","1991-09-29","27","5","Italy Torino"
"Age","Serbia","E","MF","Andrija Živković","1996-07-11","9","0","Portugal Benfica"
"Age","Serbia","E","MF","Dušan Tadić","1988-11-20","51","13","England Southampton"
"Age","Serbia","E","MF","Filip Kostić","1992-11-01","21","2","Germany Hamburger SV"
"Age","Serbia","E","MF","Luka Milivojević","1991-04-07","26","1","England Crystal Palace"
"Age","Serbia","E","MF","Marko Grujić","1996-04-13","6","0","Wales Cardiff City"
"Age","Serbia","E","MF","Nemanja Matić","1988-08-01","38","2","England Manchester United"
"Age","Serbia","E","MF","Nemanja Radonjić","1996-02-15","1","0","Serbia Red Star Belgrade"
"Age","Serbia","E","MF","Sergej Milinković-Savić","1995-02-27","2","0","Italy Lazio"
"Age","Switzerland","E","DF","Fabian Schär","1991-12-20","37","7","Spain Deportivo La Coruña"
"Age","Switzerland","E","DF","François Moubandje","1990-06-21","16","0","France Toulouse"
"Age","Switzerland","E","DF","Johan Djourou","1987-01-18","73","2","Turkey Antalyaspor"
"Age","Switzerland","E","DF","Manuel Akanji","1995-07-19","5","0","Germany Borussia Dortmund"
"Age","Switzerland","E","DF","Michael Lang","1991-02-08","23","2","Switzerland Basel"
"Age","Switzerland","E","DF","Nico Elvedi","1996-09-30","5","0","Germany Borussia Mönchengladbach"
"Age","Switzerland","E","DF","Ricardo Rodríguez","1992-08-25","51","3","Italy Milan"
"Age","Switzerland","E","DF","Stephan Lichtsteiner (captain)","1984-01-16","98","8","Italy Juventus"
"Age","Switzerland","E","FW","Breel Embolo","1997-02-14","23","3","Germany Schalke 04"
"Age","Switzerland","E","FW","Haris Seferović","1992-02-22","49","11","Portugal Benfica"
"Age","Switzerland","E","FW","Josip Drmić","1992-08-08","27","9","Germany Borussia Mönchengladbach"
"Age","Switzerland","E","FW","Mario Gavranović","1989-11-24","13","5","Croatia Dinamo Zagreb"
"Age","Switzerland","E","GK","Roman Bürki","1990-11-14","8","0","Germany Borussia Dortmund"
"Age","Switzerland","E","GK","Yann Sommer","1988-12-17","34","0","Germany Borussia Mönchengladbach"
"Age","Switzerland","E","GK","Yvon Mvogo","1994-06-06","0","0","Germany RB Leipzig"
"Age","Switzerland","E","MF","Blerim Džemaili","1986-04-12","63","9","Italy Bologna"
"Age","Switzerland","E","MF","Denis Zakaria","1996-11-20","9","0","Germany Borussia Mönchengladbach"
"Age","Switzerland","E","MF","Gelson Fernandes","1986-09-02","66","2","Germany Eintracht Frankfurt"
"Age","Switzerland","E","MF","Granit Xhaka","1992-09-27","61","9","England Arsenal"
"Age","Switzerland","E","MF","Remo Freuler","1992-04-15","9","0","Italy Atalanta"
"Age","Switzerland","E","MF","Steven Zuber","1991-08-17","10","3","Germany 1899 Hoffenheim"
"Age","Switzerland","E","MF","Valon Behrami","1985-04-19","77","2","Italy Udinese"
"Age","Switzerland","E","MF","Xherdan Shaqiri","1991-10-10","68","20","England Stoke City"
"Age","Germany","F","DF","Antonio Rüdiger","1993-03-03","23","1","England Chelsea"
"Age","Germany","F","DF","Jérôme Boateng","1988-09-03","70","1","Germany Bayern Munich"
"Age","Germany","F","DF","Jonas Hector","1990-05-27","36","3","Germany 1. FC Köln"
"Age","Germany","F","DF","Joshua Kimmich","1995-02-08","27","3","Germany Bayern Munich"
"Age","Germany","F","DF","Marvin Plattenhardt","1992-01-26","6","0","Germany Hertha BSC"
"Age","Germany","F","DF","Mats Hummels","1988-12-16","63","5","Germany Bayern Munich"
"Age","Germany","F","DF","Matthias Ginter","1994-01-19","17","0","Germany Borussia Mönchengladbach"
"Age","Germany","F","DF","Niklas Süle","1995-09-03","9","0","Germany Bayern Munich"
"Age","Germany","F","FW","Mario Gómez","1985-07-10","73","31","Germany VfB Stuttgart"
"Age","Germany","F","FW","Thomas Müller","1989-09-13","90","38","Germany Bayern Munich"
"Age","Germany","F","FW","Timo Werner","1996-03-06","12","7","Germany RB Leipzig"
"Age","Germany","F","GK","Kevin Trapp","1990-07-08","3","0","France Paris Saint-Germain"
"Age","Germany","F","GK","Manuel Neuer (captain)","1986-03-27","74","0","Germany Bayern Munich"
"Age","Germany","F","GK","Marc-André ter Stegen","1992-04-30","19","0","Spain Barcelona"
"Age","Germany","F","MF","İlkay Gündoğan","1990-10-24","24","4","England Manchester City"
"Age","Germany","F","MF","Julian Brandt","1996-05-02","14","1","Germany Bayer Leverkusen"
"Age","Germany","F","MF","Julian Draxler","1993-09-20","42","6","France Paris Saint-Germain"
"Age","Germany","F","MF","Leon Goretzka","1995-02-06","14","6","Germany Schalke 04"
"Age","Germany","F","MF","Marco Reus","1989-05-31","29","9","Germany Borussia Dortmund"
"Age","Germany","F","MF","Mesut Özil","1988-10-15","89","22","England Arsenal"
"Age","Germany","F","MF","Sami Khedira","1987-04-04","73","7","Italy Juventus"
"Age","Germany","F","MF","Sebastian Rudy","1990-02-28","24","1","Germany Bayern Munich"
"Age","Germany","F","MF","Toni Kroos","1990-01-04","82","12","Spain Real Madrid"
"Age","Mexico","F","DF","Carlos Salcedo","1993-09-29","18","0","Germany Eintracht Frankfurt"
"Age","Mexico","F","DF","Diego Reyes","1992-09-19","55","1","Portugal Porto"
"Age","Mexico","F","DF","Edson Álvarez","1997-10-24","10","1","Mexico América"
"Age","Mexico","F","DF","Héctor Moreno","1988-01-17","91","3","Spain Real Sociedad"
"Age","Mexico","F","DF","Hugo Ayala","1987-03-31","40","1","Mexico UANL"
"Age","Mexico","F","DF","Jesús Gallardo","1994-08-14","20","0","Mexico UNAM"
"Age","Mexico","F","DF","Miguel Layún","1988-06-25","62","6","Spain Sevilla"
"Age","Mexico","F","FW","Carlos Vela","1989-03-01","67","18","United States Los Angeles FC"
"Age","Mexico","F","FW","Hirving Lozano","1995-07-30","26","7","Netherlands PSV Eindhoven"
"Age","Mexico","F","FW","Javier Aquino","1990-02-11","51","0","Mexico UANL"
"Age","Mexico","F","FW","Javier Hernández","1988-06-01","100","49","England West Ham United"
"Age","Mexico","F","FW","Jesús Manuel Corona","1993-01-06","33","7","Portugal Porto"
"Age","Mexico","F","FW","Oribe Peralta","1984-01-12","64","26","Mexico América"
"Age","Mexico","F","FW","Raúl Jiménez","1991-05-05","62","13","Portugal Benfica"
"Age","Mexico","F","GK","Alfredo Talavera","1982-09-18","27","0","Mexico Toluca"
"Age","Mexico","F","GK","Guillermo Ochoa","1985-07-13","92","0","Belgium Standard Liège"
"Age","Mexico","F","GK","José de Jesús Corona","1981-01-28","51","0","Mexico Cruz Azul"
"Age","Mexico","F","MF","Andrés Guardado (captain)","1986-09-28","144","25","Spain Real Betis"
"Age","Mexico","F","MF","Giovani dos Santos","1989-05-11","102","18","United States LA Galaxy"
"Age","Mexico","F","MF","Héctor Herrera","1990-04-19","63","5","Portugal Porto"
"Age","Mexico","F","MF","Jonathan dos Santos","1990-04-26","29","0","United States LA Galaxy"
"Age","Mexico","F","MF","Marco Fabián","1989-07-21","36","9","Germany Eintracht Frankfurt"
"Age","Mexico","F","MF","Rafael Márquez","1979-02-13","143","18","Mexico Atlas"
"Age","South Korea","F","DF","Go Yo-han","1988-03-10","18","0","South Korea FC Seoul"
"Age","South Korea","F","DF","Hong Chul","1990-09-17","13","0","South Korea Sangju Sangmu"
"Age","South Korea","F","DF","Jang Hyun-soo","1991-09-28","49","3","Japan FC Tokyo"
"Age","South Korea","F","DF","Jung Seung-hyun","1994-04-03","4","0","Japan Sagan Tosu"
"Age","South Korea","F","DF","Kim Min-woo","1990-02-25","16","1","South Korea Sangju Sangmu"
"Age","South Korea","F","DF","Kim Young-gwon","1990-02-27","50","2","China Guangzhou Evergrande"
"Age","South Korea","F","DF","Lee Yong","1986-12-24","24","0","South Korea Jeonbuk Hyundai Motors"
"Age","South Korea","F","DF","Oh Ban-suk","1988-05-20","0","0","South Korea Jeju United"
"Age","South Korea","F","DF","Park Joo-ho","1987-01-16","34","0","South Korea Ulsan Hyundai"
"Age","South Korea","F","DF","Yun Young-sun","1988-10-04","4","0","South Korea Seongnam FC"
"Age","South Korea","F","FW","Hwang Hee-chan","1996-01-26","11","2","Austria Red Bull Salzburg"
"Age","South Korea","F","FW","Kim Shin-wook","1988-04-14","46","10","South Korea Jeonbuk Hyundai Motors"
"Age","South Korea","F","FW","Son Heung-min","1992-07-08","63","20","England Tottenham Hotspur"
"Age","South Korea","F","GK","Cho Hyun-woo","1991-09-25","4","0","South Korea Daegu FC"
"Age","South Korea","F","GK","Kim Jin-hyeon","1987-07-06","14","0","Japan Cerezo Osaka"
"Age","South Korea","F","GK","Kim Seung-gyu","1990-09-30","31","0","Japan Vissel Kobe"
"Age","South Korea","F","MF","Ju Se-jong","1990-10-30","8","1","South Korea Asan Mugunghwa"
"Age","South Korea","F","MF","Jung Woo-young","1989-12-14","26","1","Japan Vissel Kobe"
"Age","South Korea","F","MF","Ki Sung-yueng (captain)","1989-01-24","99","10","Wales Swansea City"
"Age","South Korea","F","MF","Koo Ja-cheol","1989-02-27","65","19","Germany FC Augsburg"
"Age","South Korea","F","MF","Lee Jae-sung","1992-08-10","32","5","South Korea Jeonbuk Hyundai Motors"
"Age","South Korea","F","MF","Lee Seung-woo","1998-01-06","0","0","Italy Hellas Verona"
"Age","South Korea","F","MF","Moon Seon-min","1992-06-09","0","0","South Korea Incheon United"
"Age","Sweden","F","DF","Andreas Granqvist (captain)","1985-04-16","70","6","Russia Krasnodar"
"Age","Sweden","F","DF","Emil Krafth","1994-08-02","11","0","Italy Bologna"
"Age","Sweden","F","DF","Filip Helander","1993-04-22","4","0","Italy Bologna"
"Age","Sweden","F","DF","Ludwig Augustinsson","1994-04-21","14","0","Germany Werder Bremen"
"Age","Sweden","F","DF","Martin Olsson","1988-05-17","42","5","Wales Swansea City"
"Age","Sweden","F","DF","Mikael Lustig","1986-12-13","64","6","Scotland Celtic"
"Age","Sweden","F","DF","Pontus Jansson","1991-02-13","14","0","England Leeds United"
"Age","Sweden","F","DF","Victor Lindelöf","1994-07-17","19","1","England Manchester United"
"Age","Sweden","F","FW","Isaac Kiese Thelin","1992-06-24","18","2","Belgium Waasland-Beveren"
"Age","Sweden","F","FW","John Guidetti","1992-04-15","20","1","Spain Alavés"
"Age","Sweden","F","FW","Marcus Berg","1986-08-17","55","18","United Arab Emirates Al Ain"
"Age","Sweden","F","FW","Ola Toivonen","1986-07-03","57","13","France Toulouse"
"Age","Sweden","F","GK","Karl-Johan Johnsson","1990-01-28","5","0","France Guingamp"
"Age","Sweden","F","GK","Kristoffer Nordfeldt","1989-06-23","8","0","Wales Swansea City"
"Age","Sweden","F","GK","Robin Olsen","1990-01-08","16","0","Denmark Copenhagen"
"Age","Sweden","F","MF","Albin Ekdal","1989-07-28","32","0","Germany Hamburger SV"
"Age","Sweden","F","MF","Emil Forsberg","1991-10-23","34","6","Germany RB Leipzig"
"Age","Sweden","F","MF","Gustav Svensson","1987-02-07","11","0","United States Seattle Sounders FC"
"Age","Sweden","F","MF","Jimmy Durmaz","1989-03-22","44","3","France Toulouse"
"Age","Sweden","F","MF","Marcus Rohdén","1991-05-11","10","1","Italy Crotone"
"Age","Sweden","F","MF","Oscar Hiljemark","1992-06-28","20","2","Italy Genoa"
"Age","Sweden","F","MF","Sebastian Larsson","1985-06-06","98","6","England Hull City"
"Age","Sweden","F","MF","Viktor Claesson","1992-01-02","21","3","Russia Krasnodar"
"Age","Belgium","G","DF","Dedryck Boyata","1990-11-28","4","0","Scotland Celtic"
"Age","Belgium","G","DF","Jan Vertonghen","1987-04-24","99","8","England Tottenham Hotspur"
"Age","Belgium","G","DF","Thomas Meunier","1991-09-12","22","5","France Paris Saint-Germain"
"Age","Belgium","G","DF","Thomas Vermaelen","1985-11-14","64","1","Spain Barcelona"
"Age","Belgium","G","DF","Toby Alderweireld","1989-03-02","71","3","England Tottenham Hotspur"
"Age","Belgium","G","DF","Vincent Kompany","1986-04-10","73","4","England Manchester City"
"Age","Belgium","G","FW","Dries Mertens","1987-05-06","64","13","Italy Napoli"
"Age","Belgium","G","FW","Michy Batshuayi","1993-10-02","13","5","Germany Borussia Dortmund"
"Age","Belgium","G","FW","Romelu Lukaku","1993-05-13","63","30","England Manchester United"
"Age","Belgium","G","GK","Koen Casteels","1992-06-25","0","0","Germany VfL Wolfsburg"
"Age","Belgium","G","GK","Simon Mignolet","1988-03-06","21","0","England Liverpool"
"Age","Belgium","G","GK","Thibaut Courtois","1992-05-11","55","0","England Chelsea"
"Age","Belgium","G","MF","Adnan Januzaj","1995-02-05","6","0","Spain Real Sociedad"
"Age","Belgium","G","MF","Axel Witsel","1989-01-12","85","9","China Tianjin Quanjian"
"Age","Belgium","G","MF","Eden Hazard (captain)","1991-01-07","81","21","England Chelsea"
"Age","Belgium","G","MF","Kevin De Bruyne","1991-06-28","56","13","England Manchester City"
"Age","Belgium","G","MF","Leander Dendoncker","1995-04-15","4","0","Belgium Anderlecht"
"Age","Belgium","G","MF","Marouane Fellaini","1987-11-22","78","16","England Manchester United"
"Age","Belgium","G","MF","Mousa Dembélé","1987-07-16","73","5","England Tottenham Hotspur"
"Age","Belgium","G","MF","Nacer Chadli","1989-08-02","40","4","England West Bromwich Albion"
"Age","Belgium","G","MF","Thorgan Hazard","1993-03-29","7","1","Germany Borussia Mönchengladbach"
"Age","Belgium","G","MF","Yannick Carrasco","1993-09-04","22","5","China Dalian Yifang"
"Age","Belgium","G","MF","Youri Tielemans","1997-05-07","7","0","France Monaco"
"Age","England","G","DF","Ashley Young","1985-07-09","33","7","England Manchester United"
"Age","England","G","DF","Danny Rose","1990-07-02","16","0","England Tottenham Hotspur"
"Age","England","G","DF","Fabian Delph","1989-11-21","9","0","England Manchester City"
"Age","England","G","DF","Gary Cahill","1985-12-19","58","4","England Chelsea"
"Age","England","G","DF","Harry Maguire","1993-03-05","4","0","England Leicester City"
"Age","England","G","DF","John Stones","1994-05-28","24","0","England Manchester City"
"Age","England","G","DF","Kieran Trippier","1990-09-19","5","0","England Tottenham Hotspur"
"Age","England","G","DF","Kyle Walker","1990-05-28","34","0","England Manchester City"
"Age","England","G","DF","Phil Jones","1992-02-21","24","0","England Manchester United"
"Age","England","G","DF","Trent Alexander-Arnold","1998-10-07","0","0","England Liverpool"
"Age","England","G","FW","Danny Welbeck","1990-11-26","37","15","England Arsenal"
"Age","England","G","FW","Harry Kane (captain)","1993-07-28","24","13","England Tottenham Hotspur"
"Age","England","G","FW","Jamie Vardy","1987-01-11","21","7","England Leicester City"
"Age","England","G","FW","Marcus Rashford","1997-10-31","17","2","England Manchester United"
"Age","England","G","FW","Raheem Sterling","1994-12-08","37","2","England Manchester City"
"Age","England","G","GK","Jack Butland","1993-03-10","7","0","England Stoke City"
"Age","England","G","GK","Jordan Pickford","1994-03-07","2","0","England Everton"
"Age","England","G","GK","Nick Pope","1992-04-19","0","0","England Burnley"
"Age","England","G","MF","Dele Alli","1996-04-11","23","2","England Tottenham Hotspur"
"Age","England","G","MF","Eric Dier","1994-01-15","25","3","England Tottenham Hotspur"
"Age","England","G","MF","Jesse Lingard","1992-12-15","10","1","England Manchester United"
"Age","England","G","MF","Jordan Henderson","1990-06-17","38","0","England Liverpool"
"Age","England","G","MF","Ruben Loftus-Cheek","1996-01-23","2","0","England Crystal Palace"
"Age","Panama","G","DF","Adolfo Machado","1985-02-14","74","1","United States Houston Dynamo"
"Age","Panama","G","DF","Erick Davis","1991-03-31","37","0","Slovakia Dunajská Streda"
"Age","Panama","G","DF","Felipe Baloy (captain)","1981-02-24","101","3","Guatemala Municipal"
"Age","Panama","G","DF","Fidel Escobar","1995-01-09","21","1","United States New York Red Bulls"
"Age","Panama","G","DF","Harold Cummings","1992-03-01","51","0","United States San Jose Earthquakes"
"Age","Panama","G","DF","Luis Ovalle","1988-09-07","24","0","Honduras Olimpia"
"Age","Panama","G","DF","Michael Amir Murillo","1996-02-15","21","2","United States New York Red Bulls"
"Age","Panama","G","DF","Román Torres","1986-03-20","109","10","United States Seattle Sounders FC"
"Age","Panama","G","FW","Abdiel Arroyo","1993-12-13","33","5","Costa Rica Alajuelense"
"Age","Panama","G","FW","Blas Pérez","1981-03-13","116","43","Guatemala Municipal"
"Age","Panama","G","FW","Gabriel Torres","1988-10-31","71","14","Chile Huachipato"
"Age","Panama","G","FW","Ismael Díaz","1997-05-12","10","2","Spain Deportivo Fabril"
"Age","Panama","G","FW","Luis Tejada","1982-03-28","104","43","Peru Sport Boys"
"Age","Panama","G","GK","Álex Rodríguez","1990-08-05","6","0","Panama San Francisco"
"Age","Panama","G","GK","Jaime Penedo","1981-09-26","130","0","Romania Dinamo București"
"Age","Panama","G","GK","José Calderón","1985-08-14","30","0","Panama Chorrillo"
"Age","Panama","G","MF","Alberto Quintero","1987-12-18","89","5","Peru Universitario"
"Age","Panama","G","MF","Aníbal Godoy","1990-02-10","87","2","United States San Jose Earthquakes"
"Age","Panama","G","MF","Armando Cooper","1987-11-26","96","7","Chile Universidad de Chile"
"Age","Panama","G","MF","Édgar Bárcenas","1993-10-23","27","0","Mexico Tapachula"
"Age","Panama","G","MF","Gabriel Gómez","1984-05-29","142","12","Colombia Atlético Bucaramanga"
"Age","Panama","G","MF","José Luis Rodríguez","1998-06-19","0","0","Belgium Gent"
"Age","Panama","G","MF","Valentín Pimentel","1991-05-30","21","1","Panama Plaza Amador"
"Age","Tunisia","G","DF","Ali Maâloul","1990-01-01","43","0","Egypt Al Ahly"
"Age","Tunisia","G","DF","Dylan Bronn","1995-06-19","3","0","Belgium Gent"
"Age","Tunisia","G","DF","Hamdi Nagguez","1992-10-28","13","0","Egypt Zamalek"
"Age","Tunisia","G","DF","Oussama Haddadi","1992-01-28","6","0","France Dijon"
"Age","Tunisia","G","DF","Rami Bedoui","1990-01-19","8","0","Tunisia Étoile du Sahel"
"Age","Tunisia","G","DF","Syam Ben Youssef","1989-03-31","40","1","Turkey Kasımpaşa"
"Age","Tunisia","G","DF","Yassine Meriah","1993-07-02","13","1","Tunisia CS Sfaxien"
"Age","Tunisia","G","DF","Yohan Benalouane","1987-03-28","2","0","England Leicester City"
"Age","Tunisia","G","FW","Anice Badri","1990-08-18","4","0","Tunisia Espérance"
"Age","Tunisia","G","FW","Bassem Srarfi","1997-06-25","2","0","France Nice"
"Age","Tunisia","G","FW","Fakhreddine Ben Youssef","1991-06-21","31","4","Saudi Arabia Al-Ettifaq"
"Age","Tunisia","G","FW","Saber Khalifa","1986-10-14","41","7","Tunisia Club Africain"
"Age","Tunisia","G","FW","Wahbi Khazri","1991-02-08","35","12","France Rennes"
"Age","Tunisia","G","GK","Aymen Mathlouthi (captain)","1984-09-14","69","0","Saudi Arabia Al-Batin"
"Age","Tunisia","G","GK","Farouk Ben Mustapha","1989-07-01","15","0","Saudi Arabia Al-Shabab"
"Age","Tunisia","G","GK","Mouez Hassen","1995-03-05","1","0","France Châteauroux"
"Age","Tunisia","G","MF","Ahmed Khalil","1994-12-21","3","0","Tunisia Club Africain"
"Age","Tunisia","G","MF","Ellyes Skhiri","1995-05-10","2","0","France Montpellier"
"Age","Tunisia","G","MF","Ferjani Sassi","1992-03-18","36","2","Saudi Arabia Al-Nassr"
"Age","Tunisia","G","MF","Ghailene Chaalali","1994-02-28","4","1","Tunisia Espérance"
"Age","Tunisia","G","MF","Mohamed Amine Ben Amor","1992-01-01","24","1","Saudi Arabia Al-Ahli"
"Age","Tunisia","G","MF","Naïm Sliti","1992-07-27","14","3","France Dijon"
"Age","Tunisia","G","MF","Saîf-Eddine Khaoui","1995-04-27","2","0","France Troyes"
"Age","Colombia","H","DF","Cristián Zapata","1986-09-30","55","2","Italy Milan"
"Age","Colombia","H","DF","Dávinson Sánchez","1996-05-12","8","0","England Tottenham Hotspur"
"Age","Colombia","H","DF","Frank Fabra","1991-02-22","18","1","Argentina Boca Juniors"
"Age","Colombia","H","DF","Johan Mojica","1991-08-21","3","1","Spain Girona"
"Age","Colombia","H","DF","Óscar Murillo","1988-04-18","12","0","Mexico Pachuca"
"Age","Colombia","H","DF","Santiago Arias","1992-01-13","40","0","Netherlands PSV Eindhoven"
"Age","Colombia","H","DF","Yerry Mina","1994-09-23","11","3","Spain Barcelona"
"Age","Colombia","H","FW","Carlos Bacca","1986-09-08","44","14","Spain Villarreal"
"Age","Colombia","H","FW","Luis Muriel","1991-04-16","18","2","Spain Sevilla"
"Age","Colombia","H","FW","Miguel Borja","1993-01-26","6","2","Brazil Palmeiras"
"Age","Colombia","H","FW","Radamel Falcao (captain)","1986-02-10","72","29","France Monaco"
"Age","Colombia","H","GK","Camilo Vargas","1989-03-09","5","0","Colombia Deportivo Cali"
"Age","Colombia","H","GK","David Ospina","1988-08-31","85","0","England Arsenal"
"Age","Colombia","H","GK","José Fernando Cuadrado","1985-06-01","1","0","Colombia Once Caldas"
"Age","Colombia","H","MF","Abel Aguilar","1985-01-06","70","7","Colombia Deportivo Cali"
"Age","Colombia","H","MF","Carlos Sánchez","1986-02-06","84","0","Spain Espanyol"
"Age","Colombia","H","MF","James Rodríguez","1991-07-12","62","21","Germany Bayern Munich"
"Age","Colombia","H","MF","Jefferson Lerma","1994-10-25","4","0","Spain Levante"
"Age","Colombia","H","MF","José Izquierdo","1992-07-07","4","1","England Brighton & Hove Albion"
"Age","Colombia","H","MF","Juan Cuadrado","1988-05-26","69","7","Italy Juventus"
"Age","Colombia","H","MF","Juan Fernando Quintero","1993-01-18","14","2","Argentina River Plate"
"Age","Colombia","H","MF","Mateus Uribe","1991-03-21","7","0","Mexico América"
"Age","Colombia","H","MF","Wílmar Barrios","1993-10-16","10","0","Argentina Boca Juniors"
"Age","Japan","H","DF","Gen Shoji","1992-12-11","10","1","Japan Kashima Antlers"
"Age","Japan","H","DF","Gōtoku Sakai","1991-03-14","38","0","Germany Hamburger SV"
"Age","Japan","H","DF","Hiroki Sakai","1990-04-12","41","0","France Marseille"
"Age","Japan","H","DF","Maya Yoshida","1988-08-24","80","10","England Southampton"
"Age","Japan","H","DF","Naomichi Ueda","1994-10-24","3","0","Japan Kashima Antlers"
"Age","Japan","H","DF","Tomoaki Makino","1987-05-11","30","4","Japan Urawa Red Diamonds"
"Age","Japan","H","DF","Wataru Endo","1993-02-09","11","0","Japan Urawa Red Diamonds"
"Age","Japan","H","DF","Yuto Nagatomo","1986-09-12","103","3","Turkey Galatasaray"
"Age","Japan","H","FW","Shinji Okazaki","1986-04-16","111","50","England Leicester City"
"Age","Japan","H","FW","Yoshinori Mutō","1992-07-15","21","2","Germany Mainz 05"
"Age","Japan","H","FW","Yuya Osako","1990-05-18","26","7","Germany 1. FC Köln"
"Age","Japan","H","GK","Eiji Kawashima","1983-03-20","82","0","France Metz"
"Age","Japan","H","GK","Kosuke Nakamura","1995-02-27","3","0","Japan Kashiwa Reysol"
"Age","Japan","H","GK","Masaaki Higashiguchi","1986-05-12","4","0","Japan Gamba Osaka"
"Age","Japan","H","MF","Gaku Shibasaki","1992-05-28","15","3","Spain Getafe"
"Age","Japan","H","MF","Genki Haraguchi","1991-05-09","30","6","Germany Fortuna Düsseldorf"
"Age","Japan","H","MF","Hotaru Yamaguchi","1990-10-06","40","2","Japan Cerezo Osaka"
"Age","Japan","H","MF","Keisuke Honda","1986-06-13","93","36","Mexico Pachuca"
"Age","Japan","H","MF","Makoto Hasebe (captain)","1984-01-18","108","2","Germany Eintracht Frankfurt"
"Age","Japan","H","MF","Ryota Oshima","1993-01-23","3","0","Japan Kawasaki Frontale"
"Age","Japan","H","MF","Shinji Kagawa","1989-03-17","89","29","Germany Borussia Dortmund"
"Age","Japan","H","MF","Takashi Inui","1988-06-02","25","2","Spain Eibar"
"Age","Japan","H","MF","Takashi Usami","1992-05-06","21","3","Germany Fortuna Düsseldorf"
"Age","Poland","H","DF","Artur Jędrzejczyk","1987-11-04","35","3","Poland Legia Warsaw"
"Age","Poland","H","DF","Bartosz Bereszyński","1992-07-12","6","0","Italy Sampdoria"
"Age","Poland","H","DF","Jan Bednarek","1996-04-12","1","0","England Southampton"
"Age","Poland","H","DF","Kamil Glik","1988-02-03","57","4","France Monaco"
"Age","Poland","H","DF","Łukasz Piszczek","1985-06-03","61","3","Germany Borussia Dortmund"
"Age","Poland","H","DF","Michał Pazdan","1987-09-21","31","0","Poland Legia Warsaw"
"Age","Poland","H","DF","Thiago Cionek","1986-04-21","17","0","Italy SPAL"
"Age","Poland","H","FW","Arkadiusz Milik","1994-02-28","38","12","Italy Napoli"
"Age","Poland","H","FW","Dawid Kownacki","1997-03-14","1","0","Italy Sampdoria"
"Age","Poland","H","FW","Łukasz Teodorczyk","1991-06-03","15","4","Belgium Anderlecht"
"Age","Poland","H","FW","Robert Lewandowski (captain)","1988-08-21","93","52","Germany Bayern Munich"
"Age","Poland","H","GK","Bartosz Białkowski","1994-10-01","1","0","England Ipswich Town"
"Age","Poland","H","GK","Łukasz Fabiański","1993-07-29","43","0","Wales Swansea City"
"Age","Poland","H","GK","Wojciech Szczęsny","1984-01-01","33","0","Italy Juventus"
"Age","Poland","H","MF","Grzegorz Krychowiak","1990-01-29","49","2","England West Bromwich Albion"
"Age","Poland","H","MF","Jacek Góralski","1992-09-21","3","0","Bulgaria Ludogorets Razgrad"
"Age","Poland","H","MF","Jakub Błaszczykowski","1985-12-14","97","19","Germany VfL Wolfsburg"
"Age","Poland","H","MF","Kamil Grosicki","1988-06-08","56","12","England Hull City"
"Age","Poland","H","MF","Karol Linetty","1995-02-02","19","1","Italy Sampdoria"
"Age","Poland","H","MF","Maciej Rybus","1989-08-19","49","2","Russia Lokomotiv Moscow"
"Age","Poland","H","MF","Piotr Zieliński","1994-05-20","31","4","Italy Napoli"
"Age","Poland","H","MF","Rafał Kurzawa","1993-01-29","3","0","Poland Górnik Zabrze"
"Age","Poland","H","MF","Sławomir Peszko","1985-02-19","43","2","Poland Lechia Gdańsk"
"Age","Senegal","H","DF","Kalidou Koulibaly","1991-06-20","23","0","Italy Napoli"
"Age","Senegal","H","DF","Kara Mbodji","1989-11-11","51","5","Belgium Anderlecht"
"Age","Senegal","H","DF","Lamine Gassama","1989-10-20","34","0","Turkey Alanyaspor"
"Age","Senegal","H","DF","Moussa Wagué","1998-10-04","8","0","Belgium Eupen"
"Age","Senegal","H","DF","Salif Sané","1990-08-25","19","0","Germany Hannover 96"
"Age","Senegal","H","DF","Saliou Ciss","1989-09-15","17","0","France Valenciennes"
"Age","Senegal","H","DF","Youssouf Sabaly","1993-03-05","3","0","France Bordeaux"
"Age","Senegal","H","FW","Diafra Sakho","1989-12-24","9","3","France Rennes"
"Age","Senegal","H","FW","Ismaïla Sarr","1998-02-25","13","2","France Rennes"
"Age","Senegal","H","FW","Keita Baldé","1995-03-08","16","3","France Monaco"
"Age","Senegal","H","FW","Mame Biram Diouf","1987-12-16","46","10","England Stoke City"
"Age","Senegal","H","FW","M'Baye Niang","1994-12-19","4","0","Italy Torino"
"Age","Senegal","H","FW","Moussa Konaté","1993-04-03","26","9","France Amiens"
"Age","Senegal","H","FW","Moussa Sow","1986-01-19","50","18","Turkey Bursaspor"
"Age","Senegal","H","FW","Sadio Mané","1992-04-10","51","14","England Liverpool"
"Age","Senegal","H","GK","Abdoulaye Diallo","1992-03-30","16","0","France Rennes"
"Age","Senegal","H","GK","Alfred Gomis","1984-05-31","1","0","Italy SPAL"
"Age","Senegal","H","GK","Khadim N'Diaye","1985-04-05","25","0","Guinea Horoya"
"Age","Senegal","H","MF","Alfred N'Diaye","1990-03-06","18","0","England Wolverhampton Wanderers"
"Age","Senegal","H","MF","Badou Ndiaye","1990-10-27","17","1","England Stoke City"
"Age","Senegal","H","MF","Cheikh N'Doye","1986-03-29","23","3","England Birmingham City"
"Age","Senegal","H","MF","Cheikhou Kouyaté (captain)","1989-12-21","46","2","England West Ham United"
"Age","Senegal","H","MF","Idrissa Gueye","1989-09-26","58","1","England Everton"


